sample	chr	pos	ref	alt
UEB_10	chr3	178921553	T	A
UEB_29	chr3	178952085	A	G
UEB_30	chr3	178952090	G	C
UEB_35	chrX	133549085	A	G
UEB_39	chr13	32914515	-	G
UEB_43	chr3	178952085	A	G
UEB_43	chrX	66765158	-	GCA
UEB_47	chr3	178952085	A	G
UEB_47	chr22	38379543	G	A
UEB_51	chr3	178952072	A	G
UEB_53	chr3	178952085	A	G
UEB_53	chr9	21971186	G	A
UEB_53	chr17	7578478	G	C
UEB_78	chr3	178936091	G	A
UEB_78	chr10	123258034	A	T
UEB_83	chr13	48954175	A	T
UEB_8	chr17	7578203	C	T
UEB_8	chr17	41244214	CTTG	-
UEB_27	chr13	28589763	A	G
UEB_5	chr6	34857343	G	A
UEB_81	chr17	29586129	A	G
UEB_10	chr7	55211109	G	T
UEB_14	chr14	104038131	G	A
UEB_25	chr1	161140703	A	G
UEB_25	chr7	100867039	G	T
UEB_25	chr10	21805976	G	A
UEB_27	chr3	114058240	C	T
UEB_27	chrX	18972524	C	A
UEB_30	chr20	61512305	A	G
UEB_35	chr16	67876756	C	T
UEB_37	chr1	154842058	C	T
UEB_37	chr21	36164678	G	C
UEB_43	chr17	37686896	C	T
UEB_80	chr6	26273235	C	T
UEB_80	chrX	70627445	C	T
UEB_81	chr16	1033763	A	G
UEB_83	chr5	45696030	A	G
UEB_8	chrX	70360622	A	T
UEB_30	chr16	30663117	C	A
UEB_84	chr19	53075522	G	T
UEB_29	chr22	20918846	G	T
